Date,Block,Plot,Species,Source,PlantID,Treatment,DOE,Diff,dia1_mm,dia2_mm,ht_cm,vol_cm3,RGR_cm3.day,leaf.no,TLA_cm2,RDM,SDM,LDM,TDM,RMF,SMF,LMF,LAR,SLA,Frost,Injury,Insect,leaf.nox,B_LA.cm2,B_LDM.g,B_LFM.g,S_leaf.no,S_LA.cm2,S_LDM.g,S_LFM.g
12/8/2020,6,12,RM,BZ,RM BZ 12,Warmed,244,76,11.27,11.28,27.7,27.64283153,0.057241394,3,24,11.69,2.76,2.63,17.08,0.68442623,0.161592506,0.153981265,1.405152225,9.125475285,0,2,0,3,30.15,0.63,NA,0,NA,NA,NA
12/8/2020,3,5,AG,FL,AG FL 5,Ambient,244,76,7.68,7.8,34.4,16.1774483,0.110375277,36,193.73,14.89,7.38,12.58,34.85,0.427259684,0.211764706,0.36097561,5.558967001,15.39984102,0,0,1,36,193.73,2.58,NA,0,NA,NA,NA
12/8/2020,5,10,RM,BZ,RM BZ 10,Warmed,244,76,12.02,12.03,33.7,38.25337234,0.250711034,11,108.99,9.11,4.63,2.37,16.11,0.565487275,0.287399131,0.147113594,6.765363128,45.98734177,0,0,1,7,130.45,2.37,NA,0,NA,NA,NA
12/8/2020,3,6,AG,BZ,AG BZ 6,Warmed,244,76,9.07,9.11,37.6,24.38851,0.147679762,47,598.2,36.24,12.91,26.62,75.77,0.478289561,0.170384057,0.351326382,7.894945229,22.47182569,0,1,1,7,NA,0.59,1.305,40,243.65,3.03,11.089
12/8/2020,4,8,RM,BZ,RM BZ 8,Warmed,244,76,11,11.01,37.2,35.3665495,0.201358132,11,141.48,10.39,3.3,2.59,16.28,0.638206388,0.202702703,0.159090909,8.69041769,54.62548263,0,1,1,7,161.45,2.59,NA,0,NA,NA,NA
12/8/2020,3,6,RM,FL,RM FL 6,Warmed,244,76,7.6,7.7,22,10.10683575,0.047909996,12,105.6,3.04,4.03,3.84,10.91,0.278643446,0.369385885,0.351970669,9.679193401,27.5,0,1,0,8,59.08,0.84,NA,0,NA,NA,NA
12/8/2020,1,1,AG,FL,AG FL 1,Ambient,244,76,6.87,6.99,22.4,8.444698416,0.034484819,21,394.74,13.88,6.92,12.09,32.89,0.42201277,0.210398297,0.367588933,12.00182426,32.65012407,0,0,0,135,NA,20.09,27.05,0,NA,NA,NA
12/8/2020,2,3,AG,BZ,AG BZ 3,Warmed,244,76,12.02,12.33,47.8,55.62057742,0.209943019,106,888.28,38.25,11.12,24.42,73.79,0.518362922,0.150697927,0.330939152,12.03794552,36.37510238,1,0,1,59,NA,6.84,11.394,47,359.31,5.56,14.337
12/8/2020,2,3,RM,FL,RM FL 3,Warmed,244,76,8.01,7.92,20.4,10.15947777,0.045682041,14,115.5,2.87,3.93,2.74,9.54,0.300838574,0.411949686,0.28721174,12.10691824,42.15328467,0,2,0,7,41.94,0.74,NA,0,NA,NA,NA
12/8/2020,6,11,RM,BZ,RM BZ 11,Ambient,244,76,11.67,11.7,37.9,40.62246753,0.204933312,15,204,7.04,4.46,3.6,15.1,0.466225166,0.295364238,0.238410596,13.50993377,56.66666667,0,1,0,12,193.84,3.6,NA,0,NA,NA,NA
12/8/2020,5,9,AG,FL,AG FL 9,Ambient,244,76,9.21,9.23,34.2,22.82220515,0.13612108,31,569.78,17.14,6.51,17.74,41.39,0.414109688,0.157284368,0.428605943,13.76612708,32.11837655,0,0,0,31,230.16,3.15,NA,0,NA,NA,NA
12/8/2020,1,1,RM,FL,RM FL 1,Ambient,244,76,9.62,9.81,20.1,14.89194159,0.070458027,10,181.8,4.02,2.6,6.55,13.17,0.30523918,0.197418375,0.497342445,13.80410023,27.75572519,0,1,0,4,42.67,0.55,NA,0,NA,NA,NA
12/8/2020,5,9,RM,BZ,RM BZ 9,Ambient,244,76,9.78,9.9,26.4,20.06613734,0.094377951,16,201.6,6.58,3.19,3.15,12.92,0.509287926,0.246904025,0.24380805,15.60371517,64,0,0,1,60,NA,11.75,25.124,29,292.16,3.99,NA
12/8/2020,5,9,AG,BZ,AG BZ 9,Ambient,244,76,8.23,8.07,50.2,26.17511458,0.14770124,91,944.14,27.48,10.63,19.32,57.43,0.47849556,0.185094898,0.336409542,16.4398398,48.86853002,1,0,0,18,,2.32,NA,NA,144.14,2.32,NA
12/8/2020,3,5,RM,BZ,RM BZ 5,Ambient,244,76,12.22,12.24,40.3,47.31813478,0.22500306,12,301.89,9.04,4.53,4.74,18.31,0.493719279,0.247405789,0.258874932,16.48771163,63.68987342,0,1,1,12,301.89,4.74,NA,0,NA,NA,NA
12/8/2020,2,3,AG,FL,AG FL 3,Warmed,244,76,7.24,7.5,38.7,16.50120264,0.130037455,25,507.36,11.98,7.14,10.78,29.9,0.400668896,0.238795987,0.360535117,16.96856187,47.06493506,0,0,1,10,60.43,0.78,NA,0,NA,NA,NA
12/8/2020,2,4,AG,FL,AG FL 4,Ambient,244,76,7.27,7.29,56.7,23.58932285,0.051293994,56,701.12,18.57,5.72,15.7,39.99,0.464366092,0.143035759,0.39259815,17.5323831,44.65732484,0,0,0,56,390.55,5.7,NA,0,NA,NA,NA
12/8/2020,2,3,RM,BZ,RM BZ 3,Warmed,244,76,14.03,14.01,37.5,57.86246775,0.239111467,13,339.88,10.27,3.84,4.93,19.04,0.539390756,0.201680672,0.258928571,17.85084034,68.94117647,0,0,0,29,412.3,5.93,NA,0,NA,NA,NA
12/8/2020,1,2,AG,BZ,AG BZ 2,Warmed,244,76,13.07,12.92,61.2,81.12853741,0.480609666,102,1299.48,33.01,13.31,26.29,72.61,0.454620576,0.183308084,0.36207134,17.89670844,49.42868011,0,0,1,38,306.12,4.57,NA,0,NA,NA,NA
12/8/2020,4,8,RM,FL,RM FL 8,Warmed,244,76,9.02,9.1,24.9,16.04447087,0.076626395,13,192.4,3.52,4.29,2.87,10.68,0.329588015,0.401685393,0.268726592,18.01498127,67.03832753,0,1,0,6,58.9,0.87,NA,0,NA,NA,NA
12/8/2020,6,12,AG,FL,AG FL 12,Warmed,244,76,9.24,9.27,60.1,40.41075597,0.248430334,59,713.9,14.33,9.55,15.12,39,0.367435897,0.244871795,0.387692308,18.30512821,47.21560847,0,0,0,59,379.54,5.12,NA,0,NA,NA,NA
12/8/2020,2,4,AG,BZ,AG BZ 4,Ambient,244,76,8.29,8.36,37.8,20.56505811,0.18042258,56,893.84,18.33,8.26,21.85,48.44,0.378406276,0.170520231,0.451073493,18.45251858,40.90800915,0,2,NA,22,151.21,1.85,NA,0,NA,NA,NA
12/8/2020,1,2,RM,FL,RM FL 2,Warmed,244,76,10.01,9.99,23.4,18.369,0.105718016,17,224.06,4.79,3.95,2.8,11.54,0.41507799,0.342287695,0.242634315,19.41594454,80.02142857,0,1,0,17,135.41,1.8,NA,0,NA,NA,NA
12/8/2020,2,4,RM,FL,RM FL 4,Ambient,244,76,7.2,7.21,26.6,10.83974994,0.050898792,13,260,4.36,2.53,6.03,12.92,0.3374613,0.195820433,0.466718266,20.12383901,43.11774461,0,1,0,5,70.66,1.03,NA,0,NA,NA,NA
12/8/2020,5,9,RM,FL,RM FL 9,Ambient,244,76,10.01,10,26.9,21.13762178,0.072886321,24,264.72,4.58,2.69,5.84,13.11,0.34935164,0.20518688,0.44546148,20.19221968,45.32876712,0,0,0,24,265.6,3.84,NA,0,NA,NA,NA
12/8/2020,4,7,RM,BZ,RM BZ 7,Ambient,244,76,10.66,10.36,24.8,21.50437227,0.071874757,23,346.15,8.56,5.56,2.68,16.8,0.50952381,0.330952381,0.15952381,20.60416667,129.1604478,0,0,1,18,195.76,2.68,NA,0,NA,NA,NA
12/8/2020,6,12,RM,FL,RM FL 12,Warmed,244,76,9.23,9.31,22.4,15.11044114,0.036374703,14,275.38,4.59,4.81,3.78,13.18,0.348254932,0.364946889,0.286798179,20.89377845,72.85185185,0,1,1,8,110.92,1.78,NA,0,NA,NA,NA
12/8/2020,3,5,AG,BZ,AG BZ 5,Ambient,244,76,11.89,11.87,49.9,55.2844615,0.37269602,91,1362.27,23.59,7.35,21.59,52.53,0.449076718,0.139920046,0.411003236,25.93318104,63.09726725,1,0,1,56,NA,6.08,11.247,35,358.44,5.51,13.918
12/8/2020,5,10,AG,FL,AG FL 10,Warmed,244,76,9.27,9.33,43.7,29.66996205,0.158207958,36,1005.64,15.03,9.47,12.6,37.1,0.405121294,0.255256065,0.339622642,27.10619946,79.81269841,0,1,0,31,267.48,2.6,NA,0,NA,NA,NA
12/8/2020,4,8,AG,BZ,AG BZ 8,Warmed,244,76,15.66,15.48,63.3,120.4621449,0.791709601,132,2110.68,38.01,14.56,24.33,76.9,0.494278283,0.189336801,0.316384915,27.44707412,86.75215783,1,1,0,28,NA,4.76,11.665,74,680.73,9.57,30.992
12/8/2020,1,2,AG,FL,AG FL 2,Warmed,244,76,8.07,8.22,55.7,29.00728148,0.194312179,38,1133.92,15.82,10.58,14.57,40.97,0.386136197,0.258237735,0.355626068,27.67683671,77.82566918,0,0,0,102,641.7,9.2,NA,0,NA,NA,NA
12/8/2020,5,10,RM,FL,RM FL 10,Warmed,244,76,11.21,11.24,32.3,31.94808847,0.196389236,16,346.72,5.2,3.25,3.93,12.38,0.42003231,0.262520194,0.317447496,28.00646204,88.22391858,0,1,0,32,344.59,3.93,NA,0,NA,NA,NA
12/8/2020,3,5,RM,FL,RM FL 5,Ambient,244,76,8.99,8.89,26.1,16.37514679,0.075162114,12,294.72,3.34,1.91,5.2,10.45,0.319617225,0.18277512,0.497607656,28.20287081,56.67692308,0,1,0,5,68.02,1.2,NA,0,NA,NA,NA
12/8/2020,6,11,AG,FL,AG FL 11,Ambient,244,76,10.67,10.88,30.7,27.97967012,0.215159701,37,980.22,15.05,5.31,13.5,33.86,0.444477259,0.156822209,0.398700532,28.9492026,72.60888889,0,0,0,28,229.12,3.5,NA,0,NA,NA,NA
12/8/2020,6,12,AG,BZ,AG BZ 12,Warmed,244,76,15.03,14.93,63.7,112.210298,0.425980949,134,2600.94,41.04,17.19,28.05,86.28,0.47566064,0.199235049,0.325104312,30.14534075,92.72513369,1,1,0,89,NA,14.01,25.993,30,322.41,4.04,12.877
12/8/2020,6,11,RM,FL,RM FL 11,Ambient,244,76,11.23,11.2,29.4,29.02789497,0.17900755,16,468.8,5.71,2.98,6.34,15.03,0.379906853,0.198270126,0.421823021,31.19095143,73.94321767,0,1,1,16,202.14,3.34,NA,0,NA,NA,NA
12/8/2020,1,2,RM,BZ,RM BZ 2,Warmed,244,76,11.3,11.41,27.8,28.13770874,0.148874362,15,577.4,9.7,3.65,3.54,16.89,0.574304322,0.216104204,0.209591474,34.18590882,163.1073446,0,1,0,20,216.67,3.54,NA,0,NA,NA,NA
12/8/2020,4,7,AG,BZ,AG BZ 7,Ambient,244,76,9.03,9.11,33.6,21.69819002,0.134970841,99,1592.91,18.83,8.03,18.42,45.28,0.41585689,0.177340989,0.40680212,35.17910777,86.4771987,0,0,1,6,NA,1.39,3.072,22,144.72,2.03,6.388
12/8/2020,4,7,AG,FL,AG FL 7,Ambient,244,76,9.03,9.27,32.7,21.49114714,0.164543436,61,1390.26,14.71,6.74,13.14,34.59,0.425267418,0.194854004,0.379878578,40.1925412,105.803653,0,1,0,51,225.16,3.14,NA,0,NA,NA,NA
12/8/2020,4,8,AG,FL,AG FL 8,Warmed,244,76,10.3,10.33,62.4,52.11859637,0.305714994,53,2223.88,13.61,8.52,15.33,37.46,0.363320876,0.227442605,0.409236519,59.36679124,145.0671885,0,1,0,53,368.66,5.33,NA,0,NA,NA,NA
12/8/2020,2,4,RM,BZ,RM BZ 4,Ambient,244,76,8.92,9.01,25.1,15.83594432,0.061866546,NA,390.55,6.79,3.96,NA,10.75,NA,NA,NA,NA,NA,0,0,0,NA,NA,NA,NA,0,NA,NA,NA
4/28/2020,1,1,AG,BZ,AG BZ 1,Ambient,0,NA,5.2,4.9,23.1,4.624495838,NA,23,NA,NA,NA,NA,NA,NA,NA,NA,NA,NA,0,0,0,NA,NA,NA,NA,NA,NA,NA,NA
5/18/2020,1,1,AG,BZ,AG BZ 1,Ambient,20,20,5.6,5.4,30.7,7.29009875,0.133280146,39,NA,NA,NA,NA,NA,NA,NA,NA,NA,NA,0,0,0,NA,NA,NA,NA,NA,NA,NA,NA
6/11/2020,1,1,AG,BZ,AG BZ 1,Ambient,44,24,7.7,7.7,35.9,16.70881135,0.392446358,43,NA,NA,NA,NA,NA,NA,NA,NA,NA,NA,0,0,1,NA,NA,NA,NA,NA,NA,NA,NA
7/11/2020,1,1,AG,BZ,AG BZ 1,Ambient,74,30,7.8,8.3,36.9,18.77101616,0.06874016,40,NA,NA,NA,NA,NA,NA,NA,NA,NA,NA,0,0,0,NA,NA,NA,NA,NA,NA,NA,NA
8/20/2020,1,1,AG,BZ,AG BZ 1,Ambient,114,40,9.97,9.95,37,28.81310472,0.251052214,86,NA,NA,NA,NA,NA,NA,NA,NA,NA,NA,0,0,0,NA,NA,NA,NA,NA,NA,NA,NA
10/13/2020,1,1,AG,BZ,AG BZ 1,Ambient,168,54,12.28,11.8,51.7,58.83194055,0.555904367,135,NA,NA,NA,NA,NA,NA,NA,NA,NA,NA,0,0,1,NA,NA,NA,NA,NA,NA,NA,NA
12/8/2020,1,1,AG,BZ,AG BZ 1,Ambient,244,76,12.53,12.01,56.7,67.01034303,0.107610559,139,NA,20.01,9.08,23.08,NA,NA,NA,NA,NA,NA,2,0,0,NA,NA,NA,NA,0,NA,NA,NA
4/28/2020,5,10,AG,BZ,AG BZ 10,Warmed,0,NA,3.9,3.8,20.5,2.385310813,NA,14,NA,NA,NA,NA,NA,NA,NA,NA,NA,NA,0,0,0,NA,NA,NA,NA,NA,NA,NA,NA
5/18/2020,5,10,AG,BZ,AG BZ 10,Warmed,20,20,5.7,5.7,23.9,6.09561135,0.185515027,22,NA,NA,NA,NA,NA,NA,NA,NA,NA,NA,0,0,0,NA,NA,NA,NA,NA,NA,NA,NA
6/11/2020,5,10,AG,BZ,AG BZ 10,Warmed,44,24,6.4,6.6,28,9.28655,0.132955777,27,NA,NA,NA,NA,NA,NA,NA,NA,NA,NA,0,0,0,NA,NA,NA,NA,NA,NA,NA,NA
7/11/2020,5,10,AG,BZ,AG BZ 10,Warmed,74,30,7.64,7.64,29.8,13.65440053,0.145595018,35,NA,NA,NA,NA,NA,NA,NA,NA,NA,NA,0,0,0,NA,NA,NA,NA,NA,NA,NA,NA
8/20/2020,5,10,AG,BZ,AG BZ 10,Warmed,114,40,8.8,8.8,33.9,20.6079456,0.173838627,50,NA,NA,NA,NA,NA,NA,NA,NA,NA,NA,0,0,1,NA,NA,NA,NA,NA,NA,NA,NA
10/13/2020,5,10,AG,BZ,AG BZ 10,Warmed,168,54,11.63,11.62,42.4,44.98020563,0.451338149,102,NA,NA,NA,NA,NA,NA,NA,NA,NA,NA,0,1,0,NA,NA,NA,NA,NA,NA,NA,NA
12/8/2020,5,10,AG,BZ,AG BZ 10,Warmed,244,76,11.89,11.91,45.8,50.9130433,0.078063654,150,NA,42.47,14.24,24.03,NA,NA,NA,NA,NA,NA,2,0,0,137,NA,23.05,31.52,13,71.21,0.98,2.771
4/28/2020,6,11,AG,BZ,AG BZ 11,Ambient,0,NA,4.6,4.5,14.9,2.421467913,NA,17,NA,NA,NA,NA,NA,NA,NA,NA,NA,NA,0,0,0,NA,NA,NA,NA,NA,NA,NA,NA
5/18/2020,6,11,AG,BZ,AG BZ 11,Ambient,20,20,6.3,6.3,16.4,5.1096906,0.134411134,20,NA,NA,NA,NA,NA,NA,NA,NA,NA,NA,0,0,0,NA,NA,NA,NA,NA,NA,NA,NA
6/11/2020,6,11,AG,BZ,AG BZ 11,Ambient,44,24,6.6,6.4,18,5.969925,0.0358431,23,NA,NA,NA,NA,NA,NA,NA,NA,NA,NA,0,0,0,NA,NA,NA,NA,NA,NA,NA,NA
7/11/2020,6,11,AG,BZ,AG BZ 11,Ambient,74,30,7,7,25.6,9.84704,0.129237167,38,NA,NA,NA,NA,NA,NA,NA,NA,NA,NA,0,0,1,NA,NA,NA,NA,NA,NA,NA,NA
8/20/2020,6,11,AG,BZ,AG BZ 11,Ambient,114,40,9.68,9.68,32.9,24.20005034,0.358825258,54,NA,NA,NA,NA,NA,NA,NA,NA,NA,NA,0,0,1,NA,NA,NA,NA,NA,NA,NA,NA
10/13/2020,6,11,AG,BZ,AG BZ 11,Ambient,168,54,14.51,14.5,44.7,73.8265623,0.919009481,73,NA,NA,NA,NA,NA,NA,NA,NA,NA,NA,0,0,1,NA,NA,NA,NA,NA,NA,NA,NA
12/8/2020,6,11,AG,BZ,AG BZ 11,Ambient,244,76,15.83,15.87,53.8,106.0987984,0.424634686,78,NA,26.53,12.87,20.17,NA,NA,NA,NA,NA,NA,1,0,0,67,NA,11.81,15.143,4,31.51,0.36,1.139
4/28/2020,6,12,AG,BZ,AG BZ 12,Warmed,0,NA,5.5,4.9,23.4,4.9669776,NA,19,NA,NA,NA,NA,NA,NA,NA,NA,NA,NA,0,0,0,NA,NA,NA,NA,NA,NA,NA,NA
5/18/2020,6,12,AG,BZ,AG BZ 12,Warmed,20,20,7.7,7.7,29,13.4973685,0.426519545,21,NA,NA,NA,NA,NA,NA,NA,NA,NA,NA,0,0,0,NA,NA,NA,NA,NA,NA,NA,NA
6/11/2020,6,12,AG,BZ,AG BZ 12,Warmed,44,24,7.9,8,33.5,16.62067744,0.130137872,38,NA,NA,NA,NA,NA,NA,NA,NA,NA,NA,0,2,0,NA,NA,NA,NA,NA,NA,NA,NA
7/11/2020,6,12,AG,BZ,AG BZ 12,Warmed,74,30,9.01,9.03,39.7,25.35556186,0.291162814,56,NA,NA,NA,NA,NA,NA,NA,NA,NA,NA,0,1,0,NA,NA,NA,NA,NA,NA,NA,NA
8/20/2020,6,12,AG,BZ,AG BZ 12,Warmed,114,40,9.4,9.3,39.9,27.38203834,0.050661912,69,NA,NA,NA,NA,NA,NA,NA,NA,NA,NA,0,0,0,NA,NA,NA,NA,NA,NA,NA,NA
10/13/2020,6,12,AG,BZ,AG BZ 12,Warmed,168,54,13.91,13.9,52.6,79.83574591,0.971364955,121,NA,NA,NA,NA,NA,NA,NA,NA,NA,NA,0,1,0,NA,NA,NA,NA,NA,NA,NA,NA
4/28/2020,1,2,AG,BZ,AG BZ 2,Warmed,0,NA,3.6,3.6,20,2.03472,NA,16,NA,NA,NA,NA,NA,NA,NA,NA,NA,NA,0,0,0,NA,NA,NA,NA,NA,NA,NA,NA
5/18/2020,1,2,AG,BZ,AG BZ 2,Warmed,20,20,3.6,3.8,25.2,2.7081558,0.03367179,16,NA,NA,NA,NA,NA,NA,NA,NA,NA,NA,0,0,0,NA,NA,NA,NA,NA,NA,NA,NA
6/11/2020,1,2,AG,BZ,AG BZ 2,Warmed,44,24,5,5,32.7,6.417375,0.1545508,23,NA,NA,NA,NA,NA,NA,NA,NA,NA,NA,0,0,0,NA,NA,NA,NA,NA,NA,NA,NA
7/11/2020,1,2,AG,BZ,AG BZ 2,Warmed,74,30,5.9,5.9,37.6,10.2745196,0.128571487,30,NA,NA,NA,NA,NA,NA,NA,NA,NA,NA,0,0,0,NA,NA,NA,NA,NA,NA,NA,NA
8/20/2020,1,2,AG,BZ,AG BZ 2,Warmed,114,40,6.02,6.03,40.2,11.45538823,0.029521716,60,NA,NA,NA,NA,NA,NA,NA,NA,NA,NA,0,0,1,NA,NA,NA,NA,NA,NA,NA,NA
10/13/2020,1,2,AG,BZ,AG BZ 2,Warmed,168,54,10.6,10.51,51,44.60220281,0.6138299,96,NA,NA,NA,NA,NA,NA,NA,NA,NA,NA,0,0,1,NA,NA,NA,NA,NA,NA,NA,NA
4/28/2020,2,3,AG,BZ,AG BZ 3,Warmed,0,NA,4,4.1,25.6,3.2962464,NA,17,NA,NA,NA,NA,NA,NA,NA,NA,NA,NA,0,0,0,NA,NA,NA,NA,NA,NA,NA,NA
5/18/2020,2,3,AG,BZ,AG BZ 3,Warmed,20,20,4.9,5.1,30.9,6.064125,0.13839393,22,NA,NA,NA,NA,NA,NA,NA,NA,NA,NA,0,0,0,NA,NA,NA,NA,NA,NA,NA,NA
6/11/2020,2,3,AG,BZ,AG BZ 3,Warmed,44,24,6.7,6.7,37,13.0383005,0.290590646,31,NA,NA,NA,NA,NA,NA,NA,NA,NA,NA,0,0,0,NA,NA,NA,NA,NA,NA,NA,NA
7/11/2020,2,3,AG,BZ,AG BZ 3,Warmed,74,30,6.7,6.9,39.1,14.1926744,0.03847913,43,NA,NA,NA,NA,NA,NA,NA,NA,NA,NA,0,0,0,NA,NA,NA,NA,NA,NA,NA,NA
8/20/2020,2,3,AG,BZ,AG BZ 3,Warmed,114,40,8.08,8.09,40.6,20.83318828,0.166012847,65,NA,NA,NA,NA,NA,NA,NA,NA,NA,NA,0,0,1,NA,NA,NA,NA,NA,NA,NA,NA
10/13/2020,2,3,AG,BZ,AG BZ 3,Warmed,168,54,10.8,10.83,43.2,39.66490798,0.34873555,76,NA,NA,NA,NA,NA,NA,NA,NA,NA,NA,0,0,1,NA,NA,NA,NA,NA,NA,NA,NA
4/28/2020,2,4,AG,BZ,AG BZ 4,Ambient,0,NA,2.8,2.7,11.1,0.658958438,NA,13,NA,NA,NA,NA,NA,NA,NA,NA,NA,NA,0,0,0,NA,NA,NA,NA,NA,NA,NA,NA
5/18/2020,2,4,AG,BZ,AG BZ 4,Ambient,20,20,3.5,3.4,17,1.588388625,0.046471509,15,NA,NA,NA,NA,NA,NA,NA,NA,NA,NA,0,0,0,NA,NA,NA,NA,NA,NA,NA,NA
6/11/2020,2,4,AG,BZ,AG BZ 4,Ambient,44,24,4.13,4.13,18.2,2.436919303,0.035355445,17,NA,NA,NA,NA,NA,NA,NA,NA,NA,NA,0,0,0,NA,NA,NA,NA,NA,NA,NA,NA
7/11/2020,2,4,AG,BZ,AG BZ 4,Ambient,74,30,4.3,4.4,19.2,2.8519992,0.013835997,23,NA,NA,NA,NA,NA,NA,NA,NA,NA,NA,0,0,0,NA,NA,NA,NA,NA,NA,NA,NA
8/20/2020,2,4,AG,BZ,AG BZ 4,Ambient,114,40,5.03,5.03,23,4.568077495,0.042901957,30,NA,NA,NA,NA,NA,NA,NA,NA,NA,NA,0,2,0,NA,NA,NA,NA,NA,NA,NA,NA
10/13/2020,2,4,AG,BZ,AG BZ 4,Ambient,168,54,5.4,5.3,30.5,6.852942063,0.042312307,43,NA,NA,NA,NA,NA,NA,NA,NA,NA,NA,0,0,NA,NA,NA,NA,NA,NA,NA,NA,NA
4/28/2020,3,5,AG,BZ,AG BZ 5,Ambient,0,NA,4.8,5.2,21,4.12125,NA,10,NA,NA,NA,NA,NA,NA,NA,NA,NA,NA,0,0,0,NA,NA,NA,NA,NA,NA,NA,NA
5/18/2020,3,5,AG,BZ,AG BZ 5,Ambient,20,20,5.5,5.6,20.2,4.884352425,0.038155121,14,NA,NA,NA,NA,NA,NA,NA,NA,NA,NA,0,0,0,NA,NA,NA,NA,NA,NA,NA,NA
6/11/2020,3,5,AG,BZ,AG BZ 5,Ambient,44,24,5.68,5.68,24,6.07823616,0.049745156,23,NA,NA,NA,NA,NA,NA,NA,NA,NA,NA,0,0,0,NA,NA,NA,NA,NA,NA,NA,NA
7/11/2020,3,5,AG,BZ,AG BZ 5,Ambient,74,30,5.8,5.7,24.3,6.306837188,0.007620034,24,NA,NA,NA,NA,NA,NA,NA,NA,NA,NA,0,0,0,NA,NA,NA,NA,NA,NA,NA,NA
8/20/2020,3,5,AG,BZ,AG BZ 5,Ambient,114,40,6.4,6.4,31.3,10.0640768,0.09393099,46,NA,NA,NA,NA,NA,NA,NA,NA,NA,NA,0,0,0,NA,NA,NA,NA,NA,NA,NA,NA
10/13/2020,3,5,AG,BZ,AG BZ 5,Ambient,168,54,9.21,9.23,40.4,26.95956398,0.312879392,70,NA,NA,NA,NA,NA,NA,NA,NA,NA,NA,0,0,1,NA,NA,NA,NA,NA,NA,NA,NA
4/28/2020,3,6,AG,BZ,AG BZ 6,Warmed,0,NA,4.4,4.4,12.9,1.9604904,NA,21,NA,NA,NA,NA,NA,NA,NA,NA,NA,NA,0,0,0,NA,NA,NA,NA,NA,NA,NA,NA
5/18/2020,3,6,AG,BZ,AG BZ 6,Warmed,20,20,4.6,4.6,13.5,2.242431,0.01409703,21,NA,NA,NA,NA,NA,NA,NA,NA,NA,NA,0,0,0,NA,NA,NA,NA,NA,NA,NA,NA
6/11/2020,3,6,AG,BZ,AG BZ 6,Warmed,44,24,5.5,5.3,25.5,5.837103,0.149778,19,NA,NA,NA,NA,NA,NA,NA,NA,NA,NA,0,0,0,NA,NA,NA,NA,NA,NA,NA,NA
7/11/2020,3,6,AG,BZ,AG BZ 6,Warmed,74,30,5.6,5.6,26.9,6.6221344,0.026167713,25,NA,NA,NA,NA,NA,NA,NA,NA,NA,NA,0,0,0,NA,NA,NA,NA,NA,NA,NA,NA
8/20/2020,3,6,AG,BZ,AG BZ 6,Warmed,114,40,5.73,5.74,28.2,7.280909108,0.016469368,29,NA,NA,NA,NA,NA,NA,NA,NA,NA,NA,0,1,0,NA,NA,NA,NA,NA,NA,NA,NA
10/13/2020,3,6,AG,BZ,AG BZ 6,Warmed,168,54,7.3,7.27,31.6,13.16484807,0.108961833,37,NA,NA,NA,NA,NA,NA,NA,NA,NA,NA,0,1,1,NA,NA,NA,NA,NA,NA,NA,NA
4/28/2020,4,7,AG,BZ,AG BZ 7,Ambient,0,NA,3.2,3.3,14,1.16081875,NA,5,NA,NA,NA,NA,NA,NA,NA,NA,NA,NA,0,0,0,NA,NA,NA,NA,NA,NA,NA,NA
5/18/2020,4,7,AG,BZ,AG BZ 7,Ambient,20,20,3.4,3.4,14,1.270444,0.005481263,5,NA,NA,NA,NA,NA,NA,NA,NA,NA,NA,0,0,0,NA,NA,NA,NA,NA,NA,NA,NA
6/11/2020,4,7,AG,BZ,AG BZ 7,Ambient,44,24,3.5,3.5,16,1.5386,0.011173167,15,NA,NA,NA,NA,NA,NA,NA,NA,NA,NA,0,0,0,NA,NA,NA,NA,NA,NA,NA,NA
7/11/2020,4,7,AG,BZ,AG BZ 7,Ambient,74,30,4.88,4.89,16.3,3.053418955,0.050493965,19,NA,NA,NA,NA,NA,NA,NA,NA,NA,NA,0,0,0,NA,NA,NA,NA,NA,NA,NA,NA
8/20/2020,4,7,AG,BZ,AG BZ 7,Ambient,114,40,5.3,5.2,19,4.110946875,0.026438198,22,NA,NA,NA,NA,NA,NA,NA,NA,NA,NA,0,0,1,NA,NA,NA,NA,NA,NA,NA,NA
10/13/2020,4,7,AG,BZ,AG BZ 7,Ambient,168,54,8,7.99,22.8,11.44040607,0.135730726,23,NA,NA,NA,NA,NA,NA,NA,NA,NA,NA,0,0,1,NA,NA,NA,NA,NA,NA,NA,NA
4/28/2020,4,8,AG,BZ,AG BZ 8,Warmed,0,NA,5,4.5,27.6,4.88839125,NA,9,NA,NA,NA,NA,NA,NA,NA,NA,NA,NA,0,0,0,NA,NA,NA,NA,NA,NA,NA,NA
5/18/2020,4,8,AG,BZ,AG BZ 8,Warmed,20,20,6.8,6.8,30.5,11.071012,0.309131038,13,NA,NA,NA,NA,NA,NA,NA,NA,NA,NA,0,0,0,NA,NA,NA,NA,NA,NA,NA,NA
6/11/2020,4,8,AG,BZ,AG BZ 8,Warmed,44,24,7.3,7.4,38,16.11491175,0.21016249,21,NA,NA,NA,NA,NA,NA,NA,NA,NA,NA,0,0,0,NA,NA,NA,NA,NA,NA,NA,NA
7/11/2020,4,8,AG,BZ,AG BZ 8,Warmed,74,30,8.2,8.3,39.5,21.10447969,0.166318931,30,NA,NA,NA,NA,NA,NA,NA,NA,NA,NA,0,0,1,NA,NA,NA,NA,NA,NA,NA,NA
8/20/2020,4,8,AG,BZ,AG BZ 8,Warmed,114,40,10.31,10.31,43.7,36.46434562,0.383996648,67,NA,NA,NA,NA,NA,NA,NA,NA,NA,NA,0,1,1,NA,NA,NA,NA,NA,NA,NA,NA
10/13/2020,4,8,AG,BZ,AG BZ 8,Warmed,168,54,12.17,12.16,51.9,60.29221527,0.441256845,111,NA,NA,NA,NA,NA,NA,NA,NA,NA,NA,0,1,0,NA,NA,NA,NA,NA,NA,NA,NA
4/28/2020,5,9,AG,BZ,AG BZ 9,Ambient,0,NA,4.6,4.4,17.5,2.78184375,NA,6,NA,NA,NA,NA,NA,NA,NA,NA,NA,NA,0,0,0,NA,NA,NA,NA,NA,NA,NA,NA
5/18/2020,5,9,AG,BZ,AG BZ 9,Ambient,20,20,4.6,4.6,20,3.32212,0.027013813,14,NA,NA,NA,NA,NA,NA,NA,NA,NA,NA,0,0,0,NA,NA,NA,NA,NA,NA,NA,NA
6/11/2020,5,9,AG,BZ,AG BZ 9,Ambient,44,24,5,5,19,3.72875,0.016942917,18,NA,NA,NA,NA,NA,NA,NA,NA,NA,NA,0,0,0,NA,NA,NA,NA,NA,NA,NA,NA
7/11/2020,5,9,AG,BZ,AG BZ 9,Ambient,74,30,5.3,5.2,22.8,4.93313625,0.040146208,27,NA,NA,NA,NA,NA,NA,NA,NA,NA,NA,0,0,1,NA,NA,NA,NA,NA,NA,NA,NA
8/20/2020,5,9,AG,BZ,AG BZ 9,Ambient,114,40,6.83,6.84,24.1,8.838198212,0.097626549,30,NA,NA,NA,NA,NA,NA,NA,NA,NA,NA,0,0,1,NA,NA,NA,NA,NA,NA,NA,NA
10/13/2020,5,9,AG,BZ,AG BZ 9,Ambient,168,54,7.02,7.01,38.7,14.9498203,0.113178187,56,NA,NA,NA,NA,NA,NA,NA,NA,NA,NA,0,0,1,NA,NA,NA,NA,NA,NA,NA,NA
4/28/2020,1,1,AG,FL,AG FL 1,Ambient,0,NA,4.3,4.2,15.9,2.254470938,NA,5,NA,NA,NA,NA,NA,NA,NA,NA,NA,NA,0,0,0,NA,NA,NA,NA,NA,NA,NA,NA
5/18/2020,1,1,AG,FL,AG FL 1,Ambient,20,20,4.35,4.35,16.3,2.421228488,0.008337877,9,NA,NA,NA,NA,NA,NA,NA,NA,NA,NA,0,0,0,NA,NA,NA,NA,NA,NA,NA,NA
6/11/2020,1,1,AG,FL,AG FL 1,Ambient,44,24,4.4,4.4,16.5,2.507604,0.00359898,9,NA,NA,NA,NA,NA,NA,NA,NA,NA,NA,0,0,0,NA,NA,NA,NA,NA,NA,NA,NA
7/11/2020,1,1,AG,FL,AG FL 1,Ambient,74,30,4.5,4.6,18,2.92526325,0.013921975,12,NA,NA,NA,NA,NA,NA,NA,NA,NA,NA,0,0,1,NA,NA,NA,NA,NA,NA,NA,NA
8/20/2020,1,1,AG,FL,AG FL 1,Ambient,114,40,5.96,5.96,18.5,5.15862436,0.055834028,13,NA,NA,NA,NA,NA,NA,NA,NA,NA,NA,0,1,0,NA,NA,NA,NA,NA,NA,NA,NA
10/13/2020,1,1,AG,FL,AG FL 1,Ambient,168,54,6.3,6.1,19.3,5.8238522,0.012319034,16,NA,NA,NA,NA,NA,NA,NA,NA,NA,NA,0,0,0,NA,NA,NA,NA,NA,NA,NA,NA
4/28/2020,5,10,AG,FL,AG FL 10,Warmed,0,NA,3.5,3.6,20.5,2.028057313,NA,7,NA,NA,NA,NA,NA,NA,NA,NA,NA,NA,0,0,0,NA,NA,NA,NA,NA,NA,NA,NA
5/18/2020,5,10,AG,FL,AG FL 10,Warmed,20,20,3.8,3.8,20,2.26708,0.011951134,8,NA,NA,NA,NA,NA,NA,NA,NA,NA,NA,0,0,0,NA,NA,NA,NA,NA,NA,NA,NA
6/11/2020,5,10,AG,FL,AG FL 10,Warmed,44,24,4.3,4.4,24.7,3.668978138,0.058412422,9,NA,NA,NA,NA,NA,NA,NA,NA,NA,NA,0,0,0,NA,NA,NA,NA,NA,NA,NA,NA
7/11/2020,5,10,AG,FL,AG FL 10,Warmed,74,30,4.73,4.73,26.1,4.583871617,0.030496449,10,NA,NA,NA,NA,NA,NA,NA,NA,NA,NA,0,0,0,NA,NA,NA,NA,NA,NA,NA,NA
8/20/2020,5,10,AG,FL,AG FL 10,Warmed,114,40,4.9,4.9,26.2,4.9381367,0.008856627,12,NA,NA,NA,NA,NA,NA,NA,NA,NA,NA,0,1,0,NA,NA,NA,NA,NA,NA,NA,NA
10/13/2020,5,10,AG,FL,AG FL 10,Warmed,168,54,7.98,7.98,35.3,17.64615724,0.235333714,26,NA,NA,NA,NA,NA,NA,NA,NA,NA,NA,0,1,0,NA,NA,NA,NA,NA,NA,NA,NA
4/28/2020,6,11,AG,FL,AG FL 11,Ambient,0,NA,3.6,3.6,12,1.220832,NA,11,NA,NA,NA,NA,NA,NA,NA,NA,NA,NA,0,0,0,NA,NA,NA,NA,NA,NA,NA,NA
5/18/2020,6,11,AG,FL,AG FL 11,Ambient,20,20,4.2,4.3,15,2.126859375,0.045301369,11,NA,NA,NA,NA,NA,NA,NA,NA,NA,NA,0,0,0,NA,NA,NA,NA,NA,NA,NA,NA
6/11/2020,6,11,AG,FL,AG FL 11,Ambient,44,24,4.5,4.5,16,2.5434,0.017355859,9,NA,NA,NA,NA,NA,NA,NA,NA,NA,NA,0,0,0,NA,NA,NA,NA,NA,NA,NA,NA
7/11/2020,6,11,AG,FL,AG FL 11,Ambient,74,30,4.53,4.53,17.7,2.851276451,0.010262548,18,NA,NA,NA,NA,NA,NA,NA,NA,NA,NA,0,0,1,NA,NA,NA,NA,NA,NA,NA,NA
8/20/2020,6,11,AG,FL,AG FL 11,Ambient,114,40,5.2,5.3,18.9,4.089310313,0.030950847,21,NA,NA,NA,NA,NA,NA,NA,NA,NA,NA,0,0,1,NA,NA,NA,NA,NA,NA,NA,NA
10/13/2020,6,11,AG,FL,AG FL 11,Ambient,168,54,8.02,8.03,23,11.62753284,0.139596714,30,NA,NA,NA,NA,NA,NA,NA,NA,NA,NA,0,0,1,NA,NA,NA,NA,NA,NA,NA,NA
4/28/2020,6,12,AG,FL,AG FL 12,Warmed,0,NA,4.3,4.6,20.2,3.140082425,NA,16,NA,NA,NA,NA,NA,NA,NA,NA,NA,NA,0,0,0,NA,NA,NA,NA,NA,NA,NA,NA
5/18/2020,6,12,AG,FL,AG FL 12,Warmed,20,20,4.8,4.8,21.1,3.8162304,0.033807399,18,NA,NA,NA,NA,NA,NA,NA,NA,NA,NA,0,0,0,NA,NA,NA,NA,NA,NA,NA,NA
6/11/2020,6,12,AG,FL,AG FL 12,Warmed,44,24,5.4,5.5,29,6.761774125,0.122730989,21,NA,NA,NA,NA,NA,NA,NA,NA,NA,NA,0,0,0,NA,NA,NA,NA,NA,NA,NA,NA
7/11/2020,6,12,AG,FL,AG FL 12,Warmed,74,30,5.7,5.8,32.6,8.461024375,0.056641675,20,NA,NA,NA,NA,NA,NA,NA,NA,NA,NA,0,0,0,NA,NA,NA,NA,NA,NA,NA,NA
8/20/2020,6,12,AG,FL,AG FL 12,Warmed,114,40,6.28,6.27,33,10.20025566,0.043480782,29,NA,NA,NA,NA,NA,NA,NA,NA,NA,NA,0,1,0,NA,NA,NA,NA,NA,NA,NA,NA
10/13/2020,6,12,AG,FL,AG FL 12,Warmed,168,54,7.69,7.67,46.5,21.53005056,0.209811017,35,NA,NA,NA,NA,NA,NA,NA,NA,NA,NA,0,0,0,NA,NA,NA,NA,NA,NA,NA,NA
4/28/2020,1,2,AG,FL,AG FL 2,Warmed,0,NA,3.2,3.2,14.1,1.1334144,NA,12,NA,NA,NA,NA,NA,NA,NA,NA,NA,NA,0,0,0,NA,NA,NA,NA,NA,NA,NA,NA
5/18/2020,1,2,AG,FL,AG FL 2,Warmed,20,20,3.6,3.7,19.2,2.0079672,0.04372764,15,NA,NA,NA,NA,NA,NA,NA,NA,NA,NA,0,0,0,NA,NA,NA,NA,NA,NA,NA,NA
6/11/2020,1,2,AG,FL,AG FL 2,Warmed,44,24,4.09,4.1,25,3.290921156,0.053456415,17,NA,NA,NA,NA,NA,NA,NA,NA,NA,NA,0,0,0,NA,NA,NA,NA,NA,NA,NA,NA
7/11/2020,1,2,AG,FL,AG FL 2,Warmed,74,30,4.3,4.2,27.6,3.91342125,0.020750003,16,NA,NA,NA,NA,NA,NA,NA,NA,NA,NA,0,0,0,NA,NA,NA,NA,NA,NA,NA,NA
8/20/2020,1,2,AG,FL,AG FL 2,Warmed,114,40,4.3,4.3,35.5,5.15270075,0.030981988,19,NA,NA,NA,NA,NA,NA,NA,NA,NA,NA,0,0,0,NA,NA,NA,NA,NA,NA,NA,NA
10/13/2020,1,2,AG,FL,AG FL 2,Warmed,168,54,6.22,6.71,43.4,14.2395559,0.168275095,25,NA,NA,NA,NA,NA,NA,NA,NA,NA,NA,0,0,0,NA,NA,NA,NA,NA,NA,NA,NA
4/28/2020,2,3,AG,FL,AG FL 3,Warmed,0,NA,3.1,3,15.3,1.117276763,NA,7,NA,NA,NA,NA,NA,NA,NA,NA,NA,NA,0,0,0,NA,NA,NA,NA,NA,NA,NA,NA
5/18/2020,2,3,AG,FL,AG FL 3,Warmed,20,20,3.1,3.1,18.7,1.41069995,0.014671159,10,NA,NA,NA,NA,NA,NA,NA,NA,NA,NA,0,0,0,NA,NA,NA,NA,NA,NA,NA,NA
6/11/2020,2,3,AG,FL,AG FL 3,Warmed,44,24,3,3.4,19.2,1.5433728,0.005528035,10,NA,NA,NA,NA,NA,NA,NA,NA,NA,NA,0,0,0,NA,NA,NA,NA,NA,NA,NA,NA
7/11/2020,2,3,AG,FL,AG FL 3,Warmed,74,30,3.1,3.6,19.5,1.717884188,0.005817046,10,NA,NA,NA,NA,NA,NA,NA,NA,NA,NA,0,0,0,NA,NA,NA,NA,NA,NA,NA,NA
8/20/2020,2,3,AG,FL,AG FL 3,Warmed,114,40,3.81,3.82,20,2.285013325,0.014178228,12,NA,NA,NA,NA,NA,NA,NA,NA,NA,NA,0,0,0,NA,NA,NA,NA,NA,NA,NA,NA
10/13/2020,2,3,AG,FL,AG FL 3,Warmed,168,54,5.42,5.42,28.7,6.618356038,0.080247087,16,NA,NA,NA,NA,NA,NA,NA,NA,NA,NA,0,0,1,NA,NA,NA,NA,NA,NA,NA,NA
4/28/2020,2,4,AG,FL,AG FL 4,Ambient,0,NA,4.1,4.1,20.9,2.75793265,NA,15,NA,NA,NA,NA,NA,NA,NA,NA,NA,NA,0,0,0,NA,NA,NA,NA,NA,NA,NA,NA
5/18/2020,2,4,AG,FL,AG FL 4,Ambient,20,20,4.24,4.25,21,2.970601121,0.010633424,18,NA,NA,NA,NA,NA,NA,NA,NA,NA,NA,0,0,0,NA,NA,NA,NA,NA,NA,NA,NA
6/11/2020,2,4,AG,FL,AG FL 4,Ambient,44,24,4.6,4.4,23,3.6561375,0.028564016,18,NA,NA,NA,NA,NA,NA,NA,NA,NA,NA,0,0,0,NA,NA,NA,NA,NA,NA,NA,NA
7/11/2020,2,4,AG,FL,AG FL 4,Ambient,74,30,4.9,5,30.6,5.885745525,0.074320268,25,NA,NA,NA,NA,NA,NA,NA,NA,NA,NA,0,0,0,NA,NA,NA,NA,NA,NA,NA,NA
8/20/2020,2,4,AG,FL,AG FL 4,Ambient,114,40,5.2,5.2,33.6,7.1320704,0.031158122,37,NA,NA,NA,NA,NA,NA,NA,NA,NA,NA,0,0,0,NA,NA,NA,NA,NA,NA,NA,NA
10/13/2020,2,4,AG,FL,AG FL 4,Ambient,168,54,7.6,7.57,43.6,19.69097933,0.232572388,47,NA,NA,NA,NA,NA,NA,NA,NA,NA,NA,0,0,0,NA,NA,NA,NA,NA,NA,NA,NA
4/28/2020,3,5,AG,FL,AG FL 5,Ambient,0,NA,3.2,2.9,13.9,1.015042288,NA,9,NA,NA,NA,NA,NA,NA,NA,NA,NA,NA,0,0,0,NA,NA,NA,NA,NA,NA,NA,NA
5/18/2020,3,5,AG,FL,AG FL 5,Ambient,20,20,3.7,3.7,15.1,1.62274415,0.030385093,12,NA,NA,NA,NA,NA,NA,NA,NA,NA,NA,0,0,0,NA,NA,NA,NA,NA,NA,NA,NA
6/11/2020,3,5,AG,FL,AG FL 5,Ambient,44,24,4,4,17.6,2.21056,0.024492327,12,NA,NA,NA,NA,NA,NA,NA,NA,NA,NA,0,0,0,NA,NA,NA,NA,NA,NA,NA,NA
7/11/2020,3,5,AG,FL,AG FL 5,Ambient,74,30,4.5,4.5,18.6,2.9567025,0.024871417,12,NA,NA,NA,NA,NA,NA,NA,NA,NA,NA,0,0,1,NA,NA,NA,NA,NA,NA,NA,NA
8/20/2020,3,5,AG,FL,AG FL 5,Ambient,114,40,5.02,5.03,19.7,3.904882903,0.02370451,16,NA,NA,NA,NA,NA,NA,NA,NA,NA,NA,0,1,1,NA,NA,NA,NA,NA,NA,NA,NA
10/13/2020,3,5,AG,FL,AG FL 5,Ambient,168,54,6.39,6.39,24.3,7.788927236,0.071926747,23,NA,NA,NA,NA,NA,NA,NA,NA,NA,NA,0,0,1,NA,NA,NA,NA,NA,NA,NA,NA
4/28/2020,3,6,AG,FL,AG FL 6,Warmed,0,NA,2.8,2.8,17.2,1.0585568,NA,17,NA,NA,NA,NA,NA,NA,NA,NA,NA,NA,0,0,0,NA,NA,NA,NA,NA,NA,NA,NA
5/18/2020,3,6,AG,FL,AG FL 6,Warmed,20,20,3.08,3.09,28,2.091886055,0.051666463,18,NA,NA,NA,NA,NA,NA,NA,NA,NA,NA,0,0,0,NA,NA,NA,NA,NA,NA,NA,NA
6/11/2020,3,6,AG,FL,AG FL 6,Warmed,44,24,3.1,3.1,20,1.50877,-0.024296502,15,NA,NA,NA,NA,NA,NA,NA,NA,NA,NA,0,0,0,NA,NA,NA,NA,NA,NA,NA,NA
7/11/2020,3,6,AG,FL,AG FL 6,Warmed,74,30,4,4.1,18.1,2.330549213,0.02739264,9,NA,NA,NA,NA,NA,NA,NA,NA,NA,NA,0,0,0,NA,NA,NA,NA,NA,NA,NA,NA
8/20/2020,3,6,AG,FL,AG FL 6,Warmed,114,40,NA,NA,NA,NA,NA,NA,NA,NA,NA,NA,NA,NA,NA,NA,NA,NA,0,NA,NA,NA,NA,NA,NA,NA,NA,NA,NA
10/13/2020,3,6,AG,FL,AG FL 6,Warmed,168,54,5.11,5.16,17.3,3.580936796,NA,0,NA,NA,NA,NA,NA,NA,NA,NA,NA,NA,0,0,NA,NA,NA,NA,NA,NA,NA,NA,NA
12/8/2020,3,6,AG,FL,AG FL 6,Warmed,244,76,NA,NA,NA,NA,NA,NA,NA,12.78,8.58,NA,NA,NA,NA,NA,NA,NA,0,NA,NA,NA,NA,NA,NA,0,NA,NA,NA
4/28/2020,4,7,AG,FL,AG FL 7,Ambient,0,NA,3,3.2,17.3,1.30508605,NA,18,NA,NA,NA,NA,NA,NA,NA,NA,NA,NA,0,0,0,NA,NA,NA,NA,NA,NA,NA,NA
5/18/2020,4,7,AG,FL,AG FL 7,Ambient,20,20,3.8,3.9,20.3,2.362039488,0.052847672,22,NA,NA,NA,NA,NA,NA,NA,NA,NA,NA,0,0,0,NA,NA,NA,NA,NA,NA,NA,NA
6/11/2020,4,7,AG,FL,AG FL 7,Ambient,44,24,4.3,4.3,24,3.483516,0.046728188,20,NA,NA,NA,NA,NA,NA,NA,NA,NA,NA,0,0,0,NA,NA,NA,NA,NA,NA,NA,NA
7/11/2020,4,7,AG,FL,AG FL 7,Ambient,74,30,4.95,4.93,24.2,4.635951892,0.03841453,34,NA,NA,NA,NA,NA,NA,NA,NA,NA,NA,0,0,0,NA,NA,NA,NA,NA,NA,NA,NA
8/20/2020,4,7,AG,FL,AG FL 7,Ambient,114,40,5,5.1,25.1,5.024885088,0.00972333,36,NA,NA,NA,NA,NA,NA,NA,NA,NA,NA,0,0,0,NA,NA,NA,NA,NA,NA,NA,NA
10/13/2020,4,7,AG,FL,AG FL 7,Ambient,168,54,6.56,6.56,26.6,8.985846016,0.073351128,54,NA,NA,NA,NA,NA,NA,NA,NA,NA,NA,0,1,0,NA,NA,NA,NA,NA,NA,NA,NA
4/28/2020,4,8,AG,FL,AG FL 8,Warmed,0,NA,4.2,4.7,23,3.575341375,NA,17,NA,NA,NA,NA,NA,NA,NA,NA,NA,NA,0,0,0,NA,NA,NA,NA,NA,NA,NA,NA
5/18/2020,4,8,AG,FL,AG FL 8,Warmed,20,20,4.5,4.6,24.9,4.046614163,0.023563639,18,NA,NA,NA,NA,NA,NA,NA,NA,NA,NA,0,0,0,NA,NA,NA,NA,NA,NA,NA,NA
6/11/2020,4,8,AG,FL,AG FL 8,Warmed,44,24,5.01,5.01,32,6.30514512,0.094105457,21,NA,NA,NA,NA,NA,NA,NA,NA,NA,NA,0,0,0,NA,NA,NA,NA,NA,NA,NA,NA
7/11/2020,4,8,AG,FL,AG FL 8,Warmed,74,30,5.7,5.7,35.1,8.95213215,0.088232901,23,NA,NA,NA,NA,NA,NA,NA,NA,NA,NA,0,0,1,NA,NA,NA,NA,NA,NA,NA,NA
8/20/2020,4,8,AG,FL,AG FL 8,Warmed,114,40,6.9,6.8,37.9,13.96014759,0.125200386,25,NA,NA,NA,NA,NA,NA,NA,NA,NA,NA,0,1,1,NA,NA,NA,NA,NA,NA,NA,NA
10/13/2020,4,8,AG,FL,AG FL 8,Warmed,168,54,8.42,8.42,51.9,28.88425681,0.276372393,36,NA,NA,NA,NA,NA,NA,NA,NA,NA,NA,0,1,0,NA,NA,NA,NA,NA,NA,NA,NA
4/28/2020,5,9,AG,FL,AG FL 9,Ambient,0,NA,3.7,3.4,15.6,1.54330215,NA,9,NA,NA,NA,NA,NA,NA,NA,NA,NA,NA,0,0,0,NA,NA,NA,NA,NA,NA,NA,NA
5/18/2020,5,9,AG,FL,AG FL 9,Ambient,20,20,4.2,4.2,17.2,2.3817528,0.041922533,14,NA,NA,NA,NA,NA,NA,NA,NA,NA,NA,0,0,0,NA,NA,NA,NA,NA,NA,NA,NA
6/11/2020,5,9,AG,FL,AG FL 9,Ambient,44,24,4.78,4.79,21,3.774442691,0.058028745,16,NA,NA,NA,NA,NA,NA,NA,NA,NA,NA,0,0,0,NA,NA,NA,NA,NA,NA,NA,NA
7/11/2020,5,9,AG,FL,AG FL 9,Ambient,74,30,4.8,4.8,21,3.798144,0.000790044,16,NA,NA,NA,NA,NA,NA,NA,NA,NA,NA,0,0,1,NA,NA,NA,NA,NA,NA,NA,NA
8/20/2020,5,9,AG,FL,AG FL 9,Ambient,114,40,5.5,5.4,21,4.896457125,0.027457828,18,NA,NA,NA,NA,NA,NA,NA,NA,NA,NA,0,0,0,NA,NA,NA,NA,NA,NA,NA,NA
10/13/2020,5,9,AG,FL,AG FL 9,Ambient,168,54,7.73,7.73,26.6,12.47700305,0.14038048,22,NA,NA,NA,NA,NA,NA,NA,NA,NA,NA,0,0,1,NA,NA,NA,NA,NA,NA,NA,NA
4/28/2020,1,1,RM,BZ,RM BZ 1,Ambient,0,NA,4.6,4.6,12.6,2.0929356,NA,4,NA,NA,NA,NA,NA,NA,NA,NA,NA,NA,0,0,0,NA,NA,NA,NA,NA,NA,NA,NA
5/18/2020,1,1,RM,BZ,RM BZ 1,Ambient,20,20,5.48,5.49,18,4.251042293,0.107905335,3,NA,NA,NA,NA,NA,NA,NA,NA,NA,NA,0,0,0,NA,NA,NA,NA,NA,NA,NA,NA
6/11/2020,1,1,RM,BZ,RM BZ 1,Ambient,44,24,6.9,6.9,19.9,7.43739615,0.132764744,4,NA,NA,NA,NA,NA,NA,NA,NA,NA,NA,0,0,0,NA,NA,NA,NA,NA,NA,NA,NA
7/11/2020,1,1,RM,BZ,RM BZ 1,Ambient,74,30,7.8,7.1,20.1,8.757461963,0.044002194,7,NA,NA,NA,NA,NA,NA,NA,NA,NA,NA,0,1,0,NA,NA,NA,NA,NA,NA,NA,NA
8/20/2020,1,1,RM,BZ,RM BZ 1,Ambient,114,40,7.9,7.7,20.2,9.6473988,0.022248421,8,NA,NA,NA,NA,NA,NA,NA,NA,NA,NA,0,2,0,NA,NA,NA,NA,NA,NA,NA,NA
10/13/2020,1,1,RM,BZ,RM BZ 1,Ambient,168,54,8.1,7.9,20.3,10.19872,0.010209652,12,NA,NA,NA,NA,NA,NA,NA,NA,NA,NA,0,1,1,NA,NA,NA,NA,NA,NA,NA,NA
12/8/2020,1,1,RM,BZ,RM BZ 1,Ambient,244,76,8.62,8.66,23.7,13.88818483,0.04854559,15,NA,7.77,4.91,2.07,NA,NA,NA,NA,NA,NA,0,NA,NA,NA,NA,NA,NA,0,NA,NA,NA
4/28/2020,5,10,RM,BZ,RM BZ 10,Warmed,0,NA,4.7,4.7,15.4,2.6704601,NA,3,NA,NA,NA,NA,NA,NA,NA,NA,NA,NA,0,0,0,NA,NA,NA,NA,NA,NA,NA,NA
5/18/2020,5,10,RM,BZ,RM BZ 10,Warmed,20,20,6.3,6.2,20.5,6.286132813,0.180783636,4,NA,NA,NA,NA,NA,NA,NA,NA,NA,NA,0,0,0,NA,NA,NA,NA,NA,NA,NA,NA
6/11/2020,5,10,RM,BZ,RM BZ 10,Warmed,44,24,8.3,8.3,24.8,13.4115052,0.296890516,4,NA,NA,NA,NA,NA,NA,NA,NA,NA,NA,0,0,0,NA,NA,NA,NA,NA,NA,NA,NA
7/11/2020,5,10,RM,BZ,RM BZ 10,Warmed,74,30,8.3,8.4,25,13.68304063,0.009051181,5,NA,NA,NA,NA,NA,NA,NA,NA,NA,NA,0,0,0,NA,NA,NA,NA,NA,NA,NA,NA
8/20/2020,5,10,RM,BZ,RM BZ 10,Warmed,114,40,8.87,8.87,25.5,15.74914846,0.051652696,5,NA,NA,NA,NA,NA,NA,NA,NA,NA,NA,0,0,1,NA,NA,NA,NA,NA,NA,NA,NA
10/13/2020,5,10,RM,BZ,RM BZ 10,Warmed,168,54,9.6,9.4,27.1,19.19933375,0.06389232,9,NA,NA,NA,NA,NA,NA,NA,NA,NA,NA,0,0,1,NA,NA,NA,NA,NA,NA,NA,NA
4/28/2020,6,11,RM,BZ,RM BZ 11,Ambient,0,NA,5.4,5.4,18,4.120308,NA,4,NA,NA,NA,NA,NA,NA,NA,NA,NA,NA,0,0,0,NA,NA,NA,NA,NA,NA,NA,NA
5/18/2020,6,11,RM,BZ,RM BZ 11,Ambient,20,20,5.86,5.84,22.8,6.12514305,0.100241753,5,NA,NA,NA,NA,NA,NA,NA,NA,NA,NA,0,0,0,NA,NA,NA,NA,NA,NA,NA,NA
6/11/2020,6,11,RM,BZ,RM BZ 11,Ambient,44,24,7.2,7.5,27.5,11.66210719,0.230706839,5,NA,NA,NA,NA,NA,NA,NA,NA,NA,NA,0,0,0,NA,NA,NA,NA,NA,NA,NA,NA
7/11/2020,6,11,RM,BZ,RM BZ 11,Ambient,74,30,8.8,8.8,27.5,16.71736,0.168508427,8,NA,NA,NA,NA,NA,NA,NA,NA,NA,NA,0,0,0,NA,NA,NA,NA,NA,NA,NA,NA
8/20/2020,6,11,RM,BZ,RM BZ 11,Ambient,114,40,9.1,9.1,28.2,18.3316497,0.040357242,9,NA,NA,NA,NA,NA,NA,NA,NA,NA,NA,0,1,0,NA,NA,NA,NA,NA,NA,NA,NA
10/13/2020,6,11,RM,BZ,RM BZ 11,Ambient,168,54,9.98,9.96,32.1,25.04753579,0.124368261,13,NA,NA,NA,NA,NA,NA,NA,NA,NA,NA,0,1,1,NA,NA,NA,NA,NA,NA,NA,NA
4/28/2020,6,12,RM,BZ,RM BZ 12,Warmed,0,NA,8.2,8,19.9,10.24926615,NA,3,NA,NA,NA,NA,NA,NA,NA,NA,NA,NA,0,0,0,NA,NA,NA,NA,NA,NA,NA,NA
5/18/2020,6,12,RM,BZ,RM BZ 12,Warmed,20,20,8.4,8.5,21.9,12.27516079,0.101294732,4,NA,NA,NA,NA,NA,NA,NA,NA,NA,NA,0,0,0,NA,NA,NA,NA,NA,NA,NA,NA
6/11/2020,6,12,RM,BZ,RM BZ 12,Warmed,44,24,9,8.8,22.7,14.11482595,0.076652715,6,NA,NA,NA,NA,NA,NA,NA,NA,NA,NA,0,0,0,NA,NA,NA,NA,NA,NA,NA,NA
7/11/2020,6,12,RM,BZ,RM BZ 12,Warmed,74,30,9.59,9.59,23.1,16.67703541,0.085406982,7,NA,NA,NA,NA,NA,NA,NA,NA,NA,NA,0,2,0,NA,NA,NA,NA,NA,NA,NA,NA
8/20/2020,6,12,RM,BZ,RM BZ 12,Warmed,114,40,NA,NA,NA,NA,NA,NA,NA,NA,NA,NA,NA,NA,NA,NA,NA,NA,0,NA,NA,NA,NA,NA,NA,NA,NA,NA,NA
10/13/2020,6,12,RM,BZ,RM BZ 12,Warmed,168,54,11,11.01,24.5,23.29248556,NA,3,NA,NA,NA,NA,NA,NA,NA,NA,NA,NA,0,2,0,NA,NA,NA,NA,NA,NA,NA,NA
4/28/2020,1,2,RM,BZ,RM BZ 2,Warmed,0,NA,5.4,5.6,16.2,3.8468925,NA,4,NA,NA,NA,NA,NA,NA,NA,NA,NA,NA,0,0,0,NA,NA,NA,NA,NA,NA,NA,NA
5/18/2020,1,2,RM,BZ,RM BZ 2,Warmed,20,20,6.62,6.61,22,7.557045458,0.185507648,5,NA,NA,NA,NA,NA,NA,NA,NA,NA,NA,0,0,0,NA,NA,NA,NA,NA,NA,NA,NA
6/11/2020,1,2,RM,BZ,RM BZ 2,Warmed,44,24,7.5,7.5,22,9.714375,0.089888731,5,NA,NA,NA,NA,NA,NA,NA,NA,NA,NA,0,0,0,NA,NA,NA,NA,NA,NA,NA,NA
7/11/2020,1,2,RM,BZ,RM BZ 2,Warmed,74,30,7.6,7.4,22.3,9.84684375,0.004415625,5,NA,NA,NA,NA,NA,NA,NA,NA,NA,NA,0,1,0,NA,NA,NA,NA,NA,NA,NA,NA
8/20/2020,1,2,RM,BZ,RM BZ 2,Warmed,114,40,7.7,7.6,24.4,11.20939965,0.034063898,8,NA,NA,NA,NA,NA,NA,NA,NA,NA,NA,0,1,0,NA,NA,NA,NA,NA,NA,NA,NA
10/13/2020,1,2,RM,BZ,RM BZ 2,Warmed,168,54,9.03,9.83,24.1,16.82325721,0.103960325,13,NA,NA,NA,NA,NA,NA,NA,NA,NA,NA,0,1,0,NA,NA,NA,NA,NA,NA,NA,NA
4/28/2020,2,3,RM,BZ,RM BZ 3,Warmed,0,NA,6.78,6.78,19.2,6.928357248,NA,3,NA,NA,NA,NA,NA,NA,NA,NA,NA,NA,0,0,0,NA,NA,NA,NA,NA,NA,NA,NA
5/18/2020,2,3,RM,BZ,RM BZ 3,Warmed,20,20,7.3,7.5,24,10.316784,0.169421338,4,NA,NA,NA,NA,NA,NA,NA,NA,NA,NA,0,0,0,NA,NA,NA,NA,NA,NA,NA,NA
6/11/2020,2,3,RM,BZ,RM BZ 3,Warmed,44,24,7.6,7.7,25.7,11.80662176,0.062076573,5,NA,NA,NA,NA,NA,NA,NA,NA,NA,NA,0,0,0,NA,NA,NA,NA,NA,NA,NA,NA
7/11/2020,2,3,RM,BZ,RM BZ 3,Warmed,74,30,8.1,7.8,26.1,12.94924421,0.038087415,6,NA,NA,NA,NA,NA,NA,NA,NA,NA,NA,0,0,0,NA,NA,NA,NA,NA,NA,NA,NA
8/20/2020,2,3,RM,BZ,RM BZ 3,Warmed,114,40,9.1,9.1,26.1,16.96652685,0.100432066,15,NA,NA,NA,NA,NA,NA,NA,NA,NA,NA,0,1,0,NA,NA,NA,NA,NA,NA,NA,NA
10/13/2020,2,3,RM,BZ,RM BZ 3,Warmed,168,54,12.72,12.74,31.2,39.68999627,0.420804989,10,NA,NA,NA,NA,NA,NA,NA,NA,NA,NA,0,0,0,NA,NA,NA,NA,NA,NA,NA,NA
4/28/2020,2,4,RM,BZ,RM BZ 4,Ambient,0,NA,4.2,4.3,8.4,1.19104125,NA,5,NA,NA,NA,NA,NA,NA,NA,NA,NA,NA,0,0,0,NA,NA,NA,NA,NA,NA,NA,NA
5/18/2020,2,4,RM,BZ,RM BZ 4,Ambient,20,20,5.92,5.91,9.2,2.52677739,0.066786807,4,NA,NA,NA,NA,NA,NA,NA,NA,NA,NA,0,0,0,NA,NA,NA,NA,NA,NA,NA,NA
6/11/2020,2,4,RM,BZ,RM BZ 4,Ambient,44,24,6.2,6.3,9.8,3.005078125,0.019929197,4,NA,NA,NA,NA,NA,NA,NA,NA,NA,NA,0,0,0,NA,NA,NA,NA,NA,NA,NA,NA
7/11/2020,2,4,RM,BZ,RM BZ 4,Ambient,74,30,6.6,6.6,11,3.761406,0.025210929,6,NA,NA,NA,NA,NA,NA,NA,NA,NA,NA,0,0,1,NA,NA,NA,NA,NA,NA,NA,NA
8/20/2020,2,4,RM,BZ,RM BZ 4,Ambient,114,40,NA,NA,NA,NA,NA,NA,NA,NA,NA,NA,NA,NA,NA,NA,NA,NA,0,NA,NA,NA,NA,NA,NA,NA,NA,NA,NA
10/13/2020,2,4,RM,BZ,RM BZ 4,Ambient,168,54,7.87,7.87,22.9,11.13408683,NA,20,NA,NA,NA,NA,NA,NA,NA,NA,NA,NA,0,1,0,NA,NA,NA,NA,NA,NA,NA,NA
4/28/2020,3,5,RM,BZ,RM BZ 5,Ambient,0,NA,7.1,6.9,19.4,7.46221,NA,3,NA,NA,NA,NA,NA,NA,NA,NA,NA,NA,0,0,0,NA,NA,NA,NA,NA,NA,NA,NA
5/18/2020,3,5,RM,BZ,RM BZ 5,Ambient,20,20,7.2,7.2,22.6,9.1969344,0.08673622,5,NA,NA,NA,NA,NA,NA,NA,NA,NA,NA,0,0,0,NA,NA,NA,NA,NA,NA,NA,NA
6/11/2020,3,5,RM,BZ,RM BZ 5,Ambient,44,24,7.4,7.5,25,10.89236563,0.070642968,4,NA,NA,NA,NA,NA,NA,NA,NA,NA,NA,0,0,0,NA,NA,NA,NA,NA,NA,NA,NA
7/11/2020,3,5,RM,BZ,RM BZ 5,Ambient,74,30,7.7,7.8,26,12.25875625,0.045546354,5,NA,NA,NA,NA,NA,NA,NA,NA,NA,NA,0,0,1,NA,NA,NA,NA,NA,NA,NA,NA
8/20/2020,3,5,RM,BZ,RM BZ 5,Ambient,114,40,7.94,7.94,26.6,13.16413412,0.022634447,6,NA,NA,NA,NA,NA,NA,NA,NA,NA,NA,0,0,1,NA,NA,NA,NA,NA,NA,NA,NA
10/13/2020,3,5,RM,BZ,RM BZ 5,Ambient,168,54,10.35,10.36,35.9,30.21790224,0.315810521,9,NA,NA,NA,NA,NA,NA,NA,NA,NA,NA,0,1,1,NA,NA,NA,NA,NA,NA,NA,NA
4/28/2020,3,6,RM,BZ,RM BZ 6,Warmed,0,NA,5,5,14.4,2.826,NA,4,NA,NA,NA,NA,NA,NA,NA,NA,NA,NA,0,0,0,NA,NA,NA,NA,NA,NA,NA,NA
5/18/2020,3,6,RM,BZ,RM BZ 6,Warmed,20,20,5.1,5.2,17.7,3.685168763,0.042958438,4,NA,NA,NA,NA,NA,NA,NA,NA,NA,NA,0,0,0,NA,NA,NA,NA,NA,NA,NA,NA
6/11/2020,3,6,RM,BZ,RM BZ 6,Warmed,44,24,5.43,5.44,19,4.405775409,0.030025277,5,NA,NA,NA,NA,NA,NA,NA,NA,NA,NA,0,0,0,NA,NA,NA,NA,NA,NA,NA,NA
7/11/2020,3,6,RM,BZ,RM BZ 6,Warmed,74,30,6.79,6.78,19.2,6.938579832,0.084426814,5,NA,NA,NA,NA,NA,NA,NA,NA,NA,NA,0,0,0,NA,NA,NA,NA,NA,NA,NA,NA
8/20/2020,3,6,RM,BZ,RM BZ 6,Warmed,114,40,6.9,6.9,20,7.47477,0.013404754,7,NA,NA,NA,NA,NA,NA,NA,NA,NA,NA,0,0,0,NA,NA,NA,NA,NA,NA,NA,NA
10/13/2020,3,6,RM,BZ,RM BZ 6,Warmed,168,54,7.4,7.3,20.2,8.566347825,0.020214404,10,NA,NA,NA,NA,NA,NA,NA,NA,NA,NA,0,0,0,NA,NA,NA,NA,NA,NA,NA,NA
12/8/2020,3,6,RM,BZ,RM BZ 6,Warmed,244,76,8.1,8.12,24.3,12.54635694,0.052368541,13,NA,9.94,2.75,3.01,NA,NA,NA,NA,NA,NA,0,0,0,8,125.73,2,NA,0,NA,NA,NA
4/28/2020,4,7,RM,BZ,RM BZ 7,Ambient,0,NA,5.6,5.7,11.9,2.982040338,NA,4,NA,NA,NA,NA,NA,NA,NA,NA,NA,NA,0,0,0,NA,NA,NA,NA,NA,NA,NA,NA
5/18/2020,4,7,RM,BZ,RM BZ 7,Ambient,20,20,6.66,6.61,14.5,5.010943586,0.101445162,5,NA,NA,NA,NA,NA,NA,NA,NA,NA,NA,0,0,0,NA,NA,NA,NA,NA,NA,NA,NA
6/11/2020,4,7,RM,BZ,RM BZ 7,Ambient,44,24,7.4,7.6,18.7,8.25721875,0.135261465,6,NA,NA,NA,NA,NA,NA,NA,NA,NA,NA,0,0,0,NA,NA,NA,NA,NA,NA,NA,NA
7/11/2020,4,7,RM,BZ,RM BZ 7,Ambient,74,30,7.8,7.7,19.5,9.194067188,0.031228281,7,NA,NA,NA,NA,NA,NA,NA,NA,NA,NA,0,1,0,NA,NA,NA,NA,NA,NA,NA,NA
8/20/2020,4,7,RM,BZ,RM BZ 7,Ambient,114,40,8.4,8.5,22,12.33121175,0.078428614,11,NA,NA,NA,NA,NA,NA,NA,NA,NA,NA,0,1,1,NA,NA,NA,NA,NA,NA,NA,NA
10/13/2020,4,7,RM,BZ,RM BZ 7,Ambient,168,54,9.97,9.95,20.6,16.04189074,0.068716278,19,NA,NA,NA,NA,NA,NA,NA,NA,NA,NA,0,0,1,NA,NA,NA,NA,NA,NA,NA,NA
4/28/2020,4,8,RM,BZ,RM BZ 8,Warmed,0,NA,5.49,5.49,16.5,3.903896453,NA,4,NA,NA,NA,NA,NA,NA,NA,NA,NA,NA,0,0,0,NA,NA,NA,NA,NA,NA,NA,NA
5/18/2020,4,8,RM,BZ,RM BZ 8,Warmed,20,20,7.2,7.2,22.6,9.1969344,0.264651897,5,NA,NA,NA,NA,NA,NA,NA,NA,NA,NA,0,0,0,NA,NA,NA,NA,NA,NA,NA,NA
6/11/2020,4,8,RM,BZ,RM BZ 8,Warmed,44,24,7.4,7.2,24.2,10.1235013,0.038606954,6,NA,NA,NA,NA,NA,NA,NA,NA,NA,NA,0,0,0,NA,NA,NA,NA,NA,NA,NA,NA
7/11/2020,4,8,RM,BZ,RM BZ 8,Warmed,74,30,8.7,8.7,25,14.8541625,0.157688707,6,NA,NA,NA,NA,NA,NA,NA,NA,NA,NA,0,1,0,NA,NA,NA,NA,NA,NA,NA,NA
8/20/2020,4,8,RM,BZ,RM BZ 8,Warmed,114,40,8.9,8.9,25.1,15.60714235,0.018824496,7,NA,NA,NA,NA,NA,NA,NA,NA,NA,NA,0,1,1,NA,NA,NA,NA,NA,NA,NA,NA
10/13/2020,4,8,RM,BZ,RM BZ 8,Warmed,168,54,9.08,9.08,31,20.06333144,0.08252202,9,NA,NA,NA,NA,NA,NA,NA,NA,NA,NA,0,1,1,NA,NA,NA,NA,NA,NA,NA,NA
4/28/2020,5,9,RM,BZ,RM BZ 9,Ambient,0,NA,4.9,4.9,15.8,2.9779603,NA,5,NA,NA,NA,NA,NA,NA,NA,NA,NA,NA,0,0,0,NA,NA,NA,NA,NA,NA,NA,NA
5/18/2020,5,9,RM,BZ,RM BZ 9,Ambient,20,20,6.21,6.2,18.3,5.531008401,0.127652405,6,NA,NA,NA,NA,NA,NA,NA,NA,NA,NA,0,0,0,NA,NA,NA,NA,NA,NA,NA,NA
6/11/2020,5,9,RM,BZ,RM BZ 9,Ambient,44,24,7.3,7.1,19.6,7.9761024,0.101878917,7,NA,NA,NA,NA,NA,NA,NA,NA,NA,NA,0,0,0,NA,NA,NA,NA,NA,NA,NA,NA
7/11/2020,5,9,RM,BZ,RM BZ 9,Ambient,74,30,7.97,7.97,20.9,10.42155646,0.081515135,9,NA,NA,NA,NA,NA,NA,NA,NA,NA,NA,0,0,1,NA,NA,NA,NA,NA,NA,NA,NA
8/20/2020,5,9,RM,BZ,RM BZ 9,Ambient,114,40,8.3,8.3,23.1,12.49216815,0.051765292,13,NA,NA,NA,NA,NA,NA,NA,NA,NA,NA,0,0,1,NA,NA,NA,NA,NA,NA,NA,NA
10/13/2020,5,9,RM,BZ,RM BZ 9,Ambient,168,54,8.7,8.7,21.7,12.89341305,0.007430461,14,NA,NA,NA,NA,NA,NA,NA,NA,NA,NA,0,0,1,NA,NA,NA,NA,NA,NA,NA,NA
4/28/2020,1,1,RM,FL,RM FL 1,Ambient,0,NA,4.1,4.1,11.5,1.51752275,NA,3,NA,NA,NA,NA,NA,NA,NA,NA,NA,NA,0,0,0,NA,NA,NA,NA,NA,NA,NA,NA
5/18/2020,1,1,RM,FL,RM FL 1,Ambient,20,20,4.69,4.69,15,2.590040775,0.053625901,4,NA,NA,NA,NA,NA,NA,NA,NA,NA,NA,0,0,0,NA,NA,NA,NA,NA,NA,NA,NA
6/11/2020,1,1,RM,FL,RM FL 1,Ambient,44,24,6.5,6.6,16,5.388554,0.116604718,4,NA,NA,NA,NA,NA,NA,NA,NA,NA,NA,0,0,0,NA,NA,NA,NA,NA,NA,NA,NA
7/11/2020,1,1,RM,FL,RM FL 1,Ambient,74,30,7.4,7.5,16.5,7.188961313,0.060013577,5,NA,NA,NA,NA,NA,NA,NA,NA,NA,NA,0,0,0,NA,NA,NA,NA,NA,NA,NA,NA
8/20/2020,1,1,RM,FL,RM FL 1,Ambient,114,40,7.7,7.7,16.8,7.8191652,0.015755097,6,NA,NA,NA,NA,NA,NA,NA,NA,NA,NA,0,0,0,NA,NA,NA,NA,NA,NA,NA,NA
10/13/2020,1,1,RM,FL,RM FL 1,Ambient,168,54,8.56,8.55,16.6,9.537131538,0.031814191,8,NA,NA,NA,NA,NA,NA,NA,NA,NA,NA,0,1,0,NA,NA,NA,NA,NA,NA,NA,NA
4/28/2020,5,10,RM,FL,RM FL 10,Warmed,0,NA,6.5,6.6,15.3,5.152804763,NA,6,NA,NA,NA,NA,NA,NA,NA,NA,NA,NA,0,0,0,NA,NA,NA,NA,NA,NA,NA,NA
5/18/2020,5,10,RM,FL,RM FL 10,Warmed,20,20,6.9,6.9,19.5,7.28790075,0.106754799,5,NA,NA,NA,NA,NA,NA,NA,NA,NA,NA,0,0,0,NA,NA,NA,NA,NA,NA,NA,NA
6/11/2020,5,10,RM,FL,RM FL 10,Warmed,44,24,7.1,7.12,19.7,7.817629505,0.022072031,5,NA,NA,NA,NA,NA,NA,NA,NA,NA,NA,0,0,0,NA,NA,NA,NA,NA,NA,NA,NA
7/11/2020,5,10,RM,FL,RM FL 10,Warmed,74,30,7.8,7.8,20.9,9.9817146,0.07213617,9,NA,NA,NA,NA,NA,NA,NA,NA,NA,NA,0,1,0,NA,NA,NA,NA,NA,NA,NA,NA
8/20/2020,5,10,RM,FL,RM FL 10,Warmed,114,40,8.3,8.2,22,11.75439375,0.044316979,13,NA,NA,NA,NA,NA,NA,NA,NA,NA,NA,0,1,0,NA,NA,NA,NA,NA,NA,NA,NA
10/13/2020,5,10,RM,FL,RM FL 10,Warmed,168,54,9.12,9.11,26.1,17.02250655,0.097557645,15,NA,NA,NA,NA,NA,NA,NA,NA,NA,NA,0,1,0,NA,NA,NA,NA,NA,NA,NA,NA
4/28/2020,6,11,RM,FL,RM FL 11,Ambient,0,NA,4.6,4.6,12.6,2.0929356,NA,6,NA,NA,NA,NA,NA,NA,NA,NA,NA,NA,0,0,0,NA,NA,NA,NA,NA,NA,NA,NA
5/18/2020,6,11,RM,FL,RM FL 11,Ambient,20,20,5.58,5.58,16,3.91073184,0.090889812,5,NA,NA,NA,NA,NA,NA,NA,NA,NA,NA,0,0,0,NA,NA,NA,NA,NA,NA,NA,NA
6/11/2020,6,11,RM,FL,RM FL 11,Ambient,44,24,7.9,7.4,17.5,8.039528438,0.172033192,6,NA,NA,NA,NA,NA,NA,NA,NA,NA,NA,0,0,0,NA,NA,NA,NA,NA,NA,NA,NA
7/11/2020,6,11,RM,FL,RM FL 11,Ambient,74,30,8.1,8.1,17.6,9.0646776,0.034171639,7,NA,NA,NA,NA,NA,NA,NA,NA,NA,NA,0,0,0,NA,NA,NA,NA,NA,NA,NA,NA
8/20/2020,6,11,RM,FL,RM FL 11,Ambient,114,40,8.8,8.8,18,10.942272,0.04693986,7,NA,NA,NA,NA,NA,NA,NA,NA,NA,NA,0,2,0,NA,NA,NA,NA,NA,NA,NA,NA
10/13/2020,6,11,RM,FL,RM FL 11,Ambient,168,54,9.1,9.11,23.7,15.4233212,0.082982393,13,NA,NA,NA,NA,NA,NA,NA,NA,NA,NA,0,1,1,NA,NA,NA,NA,NA,NA,NA,NA
4/28/2020,6,12,RM,FL,RM FL 12,Warmed,0,NA,3.8,3.8,13.9,1.5756206,NA,5,NA,NA,NA,NA,NA,NA,NA,NA,NA,NA,0,0,0,NA,NA,NA,NA,NA,NA,NA,NA
5/18/2020,6,12,RM,FL,RM FL 12,Warmed,20,20,5.04,5.04,16.4,3.270201984,0.084729069,4,NA,NA,NA,NA,NA,NA,NA,NA,NA,NA,0,0,0,NA,NA,NA,NA,NA,NA,NA,NA
6/11/2020,6,12,RM,FL,RM FL 12,Warmed,44,24,6.9,6.8,16.6,6.114470975,0.118511208,5,NA,NA,NA,NA,NA,NA,NA,NA,NA,NA,0,0,0,NA,NA,NA,NA,NA,NA,NA,NA
7/11/2020,6,12,RM,FL,RM FL 12,Warmed,74,30,8,8,17.1,8.59104,0.082552301,6,NA,NA,NA,NA,NA,NA,NA,NA,NA,NA,0,1,1,NA,NA,NA,NA,NA,NA,NA,NA
8/20/2020,6,12,RM,FL,RM FL 12,Warmed,114,40,8.4,8.3,17.6,9.6328606,0.026045515,8,NA,NA,NA,NA,NA,NA,NA,NA,NA,NA,0,2,0,NA,NA,NA,NA,NA,NA,NA,NA
10/13/2020,6,12,RM,FL,RM FL 12,Warmed,168,54,8.93,8.94,19.7,12.34596373,0.05024265,10,NA,NA,NA,NA,NA,NA,NA,NA,NA,NA,0,1,1,NA,NA,NA,NA,NA,NA,NA,NA
4/28/2020,1,2,RM,FL,RM FL 2,Warmed,0,NA,4.7,4.7,12.2,2.1155593,NA,2,NA,NA,NA,NA,NA,NA,NA,NA,NA,NA,0,0,0,NA,NA,NA,NA,NA,NA,NA,NA
5/18/2020,1,2,RM,FL,RM FL 2,Warmed,20,20,5.47,5.45,13,3.04227378,0.046335724,3,NA,NA,NA,NA,NA,NA,NA,NA,NA,NA,0,0,0,NA,NA,NA,NA,NA,NA,NA,NA
6/11/2020,1,2,RM,FL,RM FL 2,Warmed,44,24,5.73,5.25,13.8,3.265077033,0.009283469,4,NA,NA,NA,NA,NA,NA,NA,NA,NA,NA,0,0,0,NA,NA,NA,NA,NA,NA,NA,NA
7/11/2020,1,2,RM,FL,RM FL 2,Warmed,74,30,7.8,7.8,15.5,7.402707,0.137920999,7,NA,NA,NA,NA,NA,NA,NA,NA,NA,NA,0,2,0,NA,NA,NA,NA,NA,NA,NA,NA
8/20/2020,1,2,RM,FL,RM FL 2,Warmed,114,40,8.1,8.2,16.1,8.394807663,0.024802517,10,NA,NA,NA,NA,NA,NA,NA,NA,NA,NA,0,1,0,NA,NA,NA,NA,NA,NA,NA,NA
10/13/2020,1,2,RM,FL,RM FL 2,Warmed,168,54,8.6,8.6,17.8,10.3344308,0.035918947,15,NA,NA,NA,NA,NA,NA,NA,NA,NA,NA,0,1,0,NA,NA,NA,NA,NA,NA,NA,NA
4/28/2020,2,3,RM,FL,RM FL 3,Warmed,0,NA,3.8,3.9,12.5,1.454457813,NA,5,NA,NA,NA,NA,NA,NA,NA,NA,NA,NA,0,0,0,NA,NA,NA,NA,NA,NA,NA,NA
5/18/2020,2,3,RM,FL,RM FL 3,Warmed,20,20,4.1,4,13.1,1.686751088,0.011614664,6,NA,NA,NA,NA,NA,NA,NA,NA,NA,NA,0,0,0,NA,NA,NA,NA,NA,NA,NA,NA
6/11/2020,2,3,RM,FL,RM FL 3,Warmed,44,24,4.9,4.89,13.5,2.539269624,0.035521606,7,NA,NA,NA,NA,NA,NA,NA,NA,NA,NA,0,0,0,NA,NA,NA,NA,NA,NA,NA,NA
7/11/2020,2,3,RM,FL,RM FL 3,Warmed,74,30,6.01,6.02,15.9,4.515834783,0.065885505,8,NA,NA,NA,NA,NA,NA,NA,NA,NA,NA,0,0,1,NA,NA,NA,NA,NA,NA,NA,NA
8/20/2020,2,3,RM,FL,RM FL 3,Warmed,114,40,7,6.8,16.4,6.1293114,0.040336915,10,NA,NA,NA,NA,NA,NA,NA,NA,NA,NA,0,2,0,NA,NA,NA,NA,NA,NA,NA,NA
10/13/2020,2,3,RM,FL,RM FL 3,Warmed,168,54,7.2,7,16.9,6.68764265,0.010339468,11,NA,NA,NA,NA,NA,NA,NA,NA,NA,NA,0,2,0,NA,NA,NA,NA,NA,NA,NA,NA
4/28/2020,2,4,RM,FL,RM FL 4,Ambient,0,NA,4.1,4.1,11.5,1.51752275,NA,5,NA,NA,NA,NA,NA,NA,NA,NA,NA,NA,0,0,0,NA,NA,NA,NA,NA,NA,NA,NA
5/18/2020,2,4,RM,FL,RM FL 4,Ambient,20,20,4.6,4.61,12.9,2.147428122,0.031495269,4,NA,NA,NA,NA,NA,NA,NA,NA,NA,NA,0,0,0,NA,NA,NA,NA,NA,NA,NA,NA
6/11/2020,2,4,RM,FL,RM FL 4,Ambient,44,24,5.4,5.3,15,3.370299375,0.050952969,6,NA,NA,NA,NA,NA,NA,NA,NA,NA,NA,0,0,0,NA,NA,NA,NA,NA,NA,NA,NA
7/11/2020,2,4,RM,FL,RM FL 4,Ambient,74,30,5.75,5.77,16,4.16710656,0.02656024,6,NA,NA,NA,NA,NA,NA,NA,NA,NA,NA,0,1,0,NA,NA,NA,NA,NA,NA,NA,NA
8/20/2020,2,4,RM,FL,RM FL 4,Ambient,114,40,6.2,6.2,16.8,5.0694672,0.022559016,8,NA,NA,NA,NA,NA,NA,NA,NA,NA,NA,0,2,1,NA,NA,NA,NA,NA,NA,NA,NA
10/13/2020,2,4,RM,FL,RM FL 4,Ambient,168,54,6.5,6.6,20.7,6.971441738,0.035221751,9,NA,NA,NA,NA,NA,NA,NA,NA,NA,NA,0,1,0,NA,NA,NA,NA,NA,NA,NA,NA
4/28/2020,3,5,RM,FL,RM FL 5,Ambient,0,NA,3.7,3.8,14.4,1.589625,NA,5,NA,NA,NA,NA,NA,NA,NA,NA,NA,NA,0,0,0,NA,NA,NA,NA,NA,NA,NA,NA
5/18/2020,3,5,RM,FL,RM FL 5,Ambient,20,20,4.84,4.84,17.1,3.144535416,0.077745521,4,NA,NA,NA,NA,NA,NA,NA,NA,NA,NA,0,0,0,NA,NA,NA,NA,NA,NA,NA,NA
6/11/2020,3,5,RM,FL,RM FL 5,Ambient,44,24,6.9,6.7,17.2,6.2433248,0.129116224,4,NA,NA,NA,NA,NA,NA,NA,NA,NA,NA,0,0,0,NA,NA,NA,NA,NA,NA,NA,NA
7/11/2020,3,5,RM,FL,RM FL 5,Ambient,74,30,7.4,7.3,17.5,7.421340938,0.039267205,6,NA,NA,NA,NA,NA,NA,NA,NA,NA,NA,0,0,0,NA,NA,NA,NA,NA,NA,NA,NA
8/20/2020,3,5,RM,FL,RM FL 5,Ambient,114,40,8.1,8,18.1,9.207463213,0.044653057,8,NA,NA,NA,NA,NA,NA,NA,NA,NA,NA,0,0,1,NA,NA,NA,NA,NA,NA,NA,NA
10/13/2020,3,5,RM,FL,RM FL 5,Ambient,168,54,8.14,8.14,20.5,10.66282613,0.026951165,10,NA,NA,NA,NA,NA,NA,NA,NA,NA,NA,0,2,0,NA,NA,NA,NA,NA,NA,NA,NA
4/28/2020,3,6,RM,FL,RM FL 6,Warmed,0,NA,4.3,4.3,12.9,1.87238985,NA,5,NA,NA,NA,NA,NA,NA,NA,NA,NA,NA,0,0,0,NA,NA,NA,NA,NA,NA,NA,NA
5/18/2020,3,6,RM,FL,RM FL 6,Warmed,20,20,4.42,4.43,13.8,2.121169106,0.012438963,4,NA,NA,NA,NA,NA,NA,NA,NA,NA,NA,0,0,0,NA,NA,NA,NA,NA,NA,NA,NA
6/11/2020,3,6,RM,FL,RM FL 6,Warmed,44,24,5.09,5.09,14.4,2.928651624,0.033645105,5,NA,NA,NA,NA,NA,NA,NA,NA,NA,NA,0,0,0,NA,NA,NA,NA,NA,NA,NA,NA
7/11/2020,3,6,RM,FL,RM FL 6,Warmed,74,30,5.3,5,14.5,3.018923563,0.003009065,5,NA,NA,NA,NA,NA,NA,NA,NA,NA,NA,0,2,0,NA,NA,NA,NA,NA,NA,NA,NA
8/20/2020,3,6,RM,FL,RM FL 6,Warmed,114,40,6.4,6.4,14.7,4.7265792,0.042691391,7,NA,NA,NA,NA,NA,NA,NA,NA,NA,NA,0,2,1,NA,NA,NA,NA,NA,NA,NA,NA
10/13/2020,3,6,RM,FL,RM FL 6,Warmed,168,54,6.9,6.9,17.3,6.46567605,0.032205497,9,NA,NA,NA,NA,NA,NA,NA,NA,NA,NA,0,2,0,NA,NA,NA,NA,NA,NA,NA,NA
4/28/2020,4,7,RM,FL,RM FL 7,Ambient,0,NA,3.3,3.3,10.4,0.8890596,NA,4,NA,NA,NA,NA,NA,NA,NA,NA,NA,NA,0,0,0,NA,NA,NA,NA,NA,NA,NA,NA
5/18/2020,4,7,RM,FL,RM FL 7,Ambient,20,20,3.7,3.6,11.9,1.244521338,0.017773087,5,NA,NA,NA,NA,NA,NA,NA,NA,NA,NA,0,0,0,NA,NA,NA,NA,NA,NA,NA,NA
6/11/2020,4,7,RM,FL,RM FL 7,Ambient,44,24,3.8,3.9,14.5,1.687171063,0.018443739,4,NA,NA,NA,NA,NA,NA,NA,NA,NA,NA,0,0,0,NA,NA,NA,NA,NA,NA,NA,NA
7/11/2020,4,7,RM,FL,RM FL 7,Ambient,74,30,4.09,4.09,10.3,1.352550526,-0.011154018,3,NA,NA,NA,NA,NA,NA,NA,NA,NA,NA,0,2,0,NA,NA,NA,NA,NA,NA,NA,NA
8/20/2020,4,7,RM,FL,RM FL 7,Ambient,114,40,NA,NA,NA,NA,NA,NA,NA,NA,NA,NA,NA,NA,NA,NA,NA,NA,0,NA,NA,NA,NA,NA,NA,NA,NA,NA,NA
10/13/2020,4,7,RM,FL,RM FL 7,Ambient,168,54,3.68,3.67,9.4,0.996580069,NA,0,NA,NA,NA,NA,NA,NA,NA,NA,NA,NA,0,0,NA,NA,NA,NA,NA,NA,NA,NA,NA
12/8/2020,4,7,RM,FL,RM FL 7,Ambient,244,76,NA,NA,NA,NA,NA,NA,NA,3.33,2.41,NA,NA,NA,NA,NA,NA,NA,0,NA,NA,NA,NA,NA,NA,0,NA,NA,NA
4/28/2020,4,8,RM,FL,RM FL 8,Warmed,0,NA,4,3.9,15.6,1.91068215,NA,5,NA,NA,NA,NA,NA,NA,NA,NA,NA,NA,0,0,0,NA,NA,NA,NA,NA,NA,NA,NA
5/18/2020,4,8,RM,FL,RM FL 8,Warmed,20,20,4.83,4.83,19,3.479505435,0.078441164,4,NA,NA,NA,NA,NA,NA,NA,NA,NA,NA,0,0,0,NA,NA,NA,NA,NA,NA,NA,NA
6/11/2020,4,8,RM,FL,RM FL 8,Warmed,44,24,5.4,5.41,19.2,4.403137848,0.038484684,5,NA,NA,NA,NA,NA,NA,NA,NA,NA,NA,0,0,0,NA,NA,NA,NA,NA,NA,NA,NA
7/11/2020,4,8,RM,FL,RM FL 8,Warmed,74,30,7,7.3,19.2,7.7051832,0.110068178,6,NA,NA,NA,NA,NA,NA,NA,NA,NA,NA,0,1,0,NA,NA,NA,NA,NA,NA,NA,NA
8/20/2020,4,8,RM,FL,RM FL 8,Warmed,114,40,8,8,19.9,9.99776,0.05731442,8,NA,NA,NA,NA,NA,NA,NA,NA,NA,NA,0,2,0,NA,NA,NA,NA,NA,NA,NA,NA
10/13/2020,4,8,RM,FL,RM FL 8,Warmed,168,54,8.3,8.3,18.9,10.22086485,0.004131571,9,NA,NA,NA,NA,NA,NA,NA,NA,NA,NA,0,1,0,NA,NA,NA,NA,NA,NA,NA,NA
4/28/2020,5,9,RM,FL,RM FL 9,Ambient,0,NA,6.3,6.4,14.2,4.494749075,NA,6,NA,NA,NA,NA,NA,NA,NA,NA,NA,NA,0,0,0,NA,NA,NA,NA,NA,NA,NA,NA
5/18/2020,5,9,RM,FL,RM FL 9,Ambient,20,20,6.5,6.5,16,5.3066,0.040592546,5,NA,NA,NA,NA,NA,NA,NA,NA,NA,NA,0,0,0,NA,NA,NA,NA,NA,NA,NA,NA
6/11/2020,5,9,RM,FL,RM FL 9,Ambient,44,24,7.4,7.3,17.6,7.4637486,0.089881192,6,NA,NA,NA,NA,NA,NA,NA,NA,NA,NA,0,0,0,NA,NA,NA,NA,NA,NA,NA,NA
7/11/2020,5,9,RM,FL,RM FL 9,Ambient,74,30,7.94,7.94,18.1,8.957549906,0.049793377,9,NA,NA,NA,NA,NA,NA,NA,NA,NA,NA,0,0,1,NA,NA,NA,NA,NA,NA,NA,NA
8/20/2020,5,9,RM,FL,RM FL 9,Ambient,114,40,8,7.9,19.4,9.625108725,0.01668897,12,NA,NA,NA,NA,NA,NA,NA,NA,NA,NA,0,0,1,NA,NA,NA,NA,NA,NA,NA,NA
10/13/2020,5,9,RM,FL,RM FL 9,Ambient,168,54,9.22,9.21,23.4,15.59826137,0.110613938,16,NA,NA,NA,NA,NA,NA,NA,NA,NA,NA,0,0,0,NA,NA,NA,NA,NA,NA,NA,NA
